1,-0.000221030741930008,TRUE,0.00232184410095215,SRXDBWController,1,PID not set at controller,NOTE,This is fake data
2,0.00130575406551361,TRUE,0.01358757853508,SRXDBWController,1,PID not set at controller,NOTE,This is fake data
3,0.000902797102928162,TRUE,0.0129489040374756,SRXDBWController,1,PID not set at controller,NOTE,This is fake data
4,-0.000648688673973084,TRUE,-0.00548158526420593,SRXDBWController,1,PID not set at controller,NOTE,This is fake data
5,-0.000324969202280045,TRUE,0.00372253119945526,SRXDBWController,1,PID not set at controller,NOTE,This is fake data
6,-0.00146267259120941,TRUE,0.0069383031129837,SRXDBWController,1,PID not set at controller,NOTE,This is fake data
7,-0.0032086284160614,TRUE,-0.000776021629571915,SRXDBWController,1,PID not set at controller,NOTE,This is fake data
8,-0.000514655470848084,TRUE,-0.00449575841426849,SRXDBWController,1,PID not set at controller,NOTE,This is fake data
9,0.000971918165683746,TRUE,-0.000142545076087117,SRXDBWController,1,PID not set at controller,NOTE,This is fake data
10,-0.000615528583526611,TRUE,0.00720551729202271,SRXDBWController,1,PID not set at controller,NOTE,This is fake data
11,-0.00175527143478394,TRUE,0.00353104054927826,SRXDBWController,0,PID set,NOTE,This is fake data
12,0.000335141986608505,TRUE,-0.00675516128540039,SRXDBWController,0,PID set,NOTE,This is fake data
13,0.000337436556816101,TRUE,-0.0183102583885193,SRXDBWController,0,PID set,NOTE,This is fake data
14,-0.000792684137821197,TRUE,-0.00383147686719894,SRXDBWController,0,PID set,NOTE,This is fake data
15,0.00076582270860672,TRUE,0.0060085916519165,SRXDBWController,0,PID set,NOTE,This is fake data
16,0.000295439511537552,TRUE,-0.0133497798442841,SRXDBWController,0,PID set,NOTE,This is fake data
17,0.000264681458473206,TRUE,0.00651722431182861,SRXDBWController,0,PID set,NOTE,This is fake data
18,0.00190405929088593,TRUE,-0.000848863795399666,SRXDBWController,0,PID set,NOTE,This is fake data
19,-0.00156782078742981,TRUE,-0.00735487818717957,SRXDBWController,0,PID set,NOTE,This is fake data
20,-0.00138330435752869,TRUE,-0.00544918417930603,SRXDBWController,0,PID set,NOTE,This is fake data
21,0.000138162061572075,TRUE,-0.0223443675041199,SRXDBWController,0,PID set,NOTE,This is fake data
22,0.000335839867591858,TRUE,0.0164249074459076,SRXDBWController,0,PID set,NOTE,This is fake data
23,-0.000593127727508545,TRUE,-0.000940389186143875,SRXDBWController,0,PID set,NOTE,This is fake data
24,-0.00118520545959473,TRUE,0.00709651827812195,SRXDBWController,0,PID set,NOTE,This is fake data
25,0.00042555570602417,TRUE,0.00717316210269928,SRXDBWController,0,PID set,NOTE,This is fake data
26,-0.000194805458188057,TRUE,-0.00918446004390717,SRXDBWController,0,PID set,NOTE,This is fake data
27,0.000688445806503296,TRUE,0.00204876109957695,SRXDBWController,0,PID set,NOTE,This is fake data
28,-0.00071183854341507,TRUE,0.0122976982593536,SRXDBWController,0,PID set,NOTE,This is fake data
29,-0.00059596848487854,TRUE,0.0151438069343567,SRXDBWController,0,PID set,NOTE,This is fake data
30,0.00081603354215622,TRUE,0.0126355743408203,SRXDBWController,0,PID set,NOTE,This is fake data
31,-0.00143647372722626,TRUE,0.00415573477745056,SRXDBWController,0,PID set,NOTE,This is fake data
32,-0.000267853647470474,TRUE,-0.00485001474618912,SRXDBWController,0,PID set,NOTE,This is fake data
33,-0.000356762886047363,TRUE,-0.0287295532226562,SRXDBWController,0,PID set,NOTE,This is fake data
34,-0.00129403138160706,TRUE,0.00638605058193207,SRXDBWController,0,PID set,NOTE,This is fake data
35,0.000827972769737244,TRUE,-0.00858555257320404,SRXDBWController,0,PID set,NOTE,This is fake data
36,0.000842122077941895,TRUE,0.00380017310380936,SRXDBWController,0,PID set,NOTE,This is fake data
37,-0.000137627840042114,TRUE,0.018758682012558,SRXDBWController,0,PID set,NOTE,This is fake data
38,0.000185997515916824,TRUE,0.00736170172691345,SRXDBWController,0,PID set,NOTE,This is fake data
39,-0.00120569324493408,TRUE,0.00973088622093201,SRXDBWController,0,PID set,NOTE,This is fake data
40,-0.000223961368203163,TRUE,0.0116603004932404,SRXDBWController,0,PID set,NOTE,This is fake data
41,-0.00116904950141907,TRUE,0.0185877668857574,SRXDBWController,0,PID set,NOTE,This is fake data
42,0.00084648871421814,TRUE,-0.00695527076721191,SRXDBWController,0,PID set,NOTE,This is fake data
43,-0.00015204806625843,TRUE,0.000246429946273565,SRXDBWController,0,PID set,NOTE,This is fake data
44,-0.000623301565647125,TRUE,-0.00351437002420425,SRXDBWController,0,PID set,NOTE,This is fake data
45,0.000441672772169113,TRUE,-0.00294905424118042,SRXDBWController,0,PID set,NOTE,This is fake data
46,0.000814972937107086,TRUE,0.000720990747213364,SRXDBWController,0,PID set,NOTE,This is fake data
47,0.000125069111585617,TRUE,-0.00434589266777039,SRXDBWController,0,PID set,NOTE,This is fake data
48,0.000175687655806541,TRUE,0.00732030808925629,SRXDBWController,0,PID set,NOTE,This is fake data
49,-0.000857926845550537,TRUE,0.00589547872543335,SRXDBWController,0,PID set,NOTE,This is fake data
50,0.000550486505031586,TRUE,-0.0159662878513336,SRXDBWController,0,PID set,NOTE,This is fake data
51,0.00185392391681671,TRUE,0.0107348346710205,SRXDBWController,0,PID set,NOTE,This is fake data
52,-9.36859324574471e-005,TRUE,0.0150729072093964,SRXDBWController,0,PID set,NOTE,This is fake data
53,0.00196868658065796,TRUE,-0.00692073166370392,SRXDBWController,0,PID set,NOTE,This is fake data
54,-0.00180332362651825,TRUE,0.00714958846569061,SRXDBWController,0,PID set,NOTE,This is fake data
55,-4.60203811526299e-005,TRUE,-0.00743397176265717,SRXDBWController,0,PID set,NOTE,This is fake data
56,-0.000453185081481934,TRUE,-0.011932954788208,SRXDBWController,0,PID set,NOTE,This is fake data
57,0.000114700213074684,TRUE,-0.00187720164656639,SRXDBWController,0,PID set,NOTE,This is fake data
58,-0.000794523894786835,TRUE,0.00914608359336853,SRXDBWController,0,PID set,NOTE,This is fake data
59,-2.76695601642132e-005,TRUE,0.0169869041442871,SRXDBWController,0,PID set,NOTE,This is fake data
60,-0.000228271663188934,TRUE,0.00161331132054329,SRXDBWController,0,PID set,NOTE,This is fake data
61,0.000798440635204315,TRUE,-0.00366375058889389,SRXDBWController,0,PID set,NOTE,This is fake data
62,0.000483124613761902,TRUE,-0.00122614003717899,SRXDBWController,0,PID set,NOTE,This is fake data
63,0.00139090514183044,TRUE,-0.00278439581394196,SRXDBWController,0,PID set,NOTE,This is fake data
64,-0.001374263048172,TRUE,0.00744458436965942,SRXDBWController,0,PID set,NOTE,This is fake data
65,-0.0001980110257864,TRUE,0.0122857296466827,SRXDBWController,0,PID set,NOTE,This is fake data
66,0.000272156178951263,TRUE,-0.0034288901090622,SRXDBWController,0,PID set,NOTE,This is fake data
67,-0.00139016842842102,TRUE,-0.0136966502666473,SRXDBWController,0,PID set,NOTE,This is fake data
68,5.55019378662109e-005,TRUE,0.00541412889957428,SRXDBWController,0,PID set,NOTE,This is fake data
69,0.00106990909576416,TRUE,-0.0145298850536346,SRXDBWController,0,PID set,NOTE,This is fake data
70,-0.00153916394710541,TRUE,0.0209795117378235,SRXDBWController,0,PID set,NOTE,This is fake data
71,0.000926776826381683,TRUE,-0.00136211469769478,SRXDBWController,0,PID set,NOTE,This is fake data
72,-0.000387378543615341,TRUE,-0.00354184865951538,SRXDBWController,0,PID set,NOTE,This is fake data
73,0.00170861732959747,TRUE,-0.00700478494167328,SRXDBWController,0,PID set,NOTE,This is fake data
74,0.00120902633666992,TRUE,-0.00289455503225327,SRXDBWController,0,PID set,NOTE,This is fake data
75,-0.000385404616594315,TRUE,-0.0117958307266235,SRXDBWController,0,PID set,NOTE,This is fake data
76,0.000758258521556854,TRUE,-0.019150972366333,SRXDBWController,0,PID set,NOTE,This is fake data
77,-9.24319550395012e-005,TRUE,-4.99945599585772e-005,SRXDBWController,0,PID set,NOTE,This is fake data
78,-0.000189731016755104,TRUE,0.0107523155212402,SRXDBWController,0,PID set,NOTE,This is fake data
79,0.000168965116143227,TRUE,0.00505814850330353,SRXDBWController,0,PID set,NOTE,This is fake data
80,0.000160568833351135,TRUE,-0.0177912986278534,SRXDBWController,0,PID set,NOTE,This is fake data
81,0.000602880418300629,TRUE,0.0101657032966614,SRXDBWController,0,PID set,NOTE,This is fake data
82,-0.000711400151252747,TRUE,-0.0175035345554352,SRXDBWController,0,PID set,NOTE,This is fake data
83,4.18258644640446e-005,TRUE,0.00967819035053253,SRXDBWController,0,PID set,NOTE,This is fake data
84,0.000612365186214447,TRUE,-0.0181715643405914,SRXDBWController,0,PID set,NOTE,This is fake data
85,0.000899948596954346,TRUE,-0.0194512557983398,SRXDBWController,0,PID set,NOTE,This is fake data
86,0.00110760176181793,TRUE,0.00500781118869782,SRXDBWController,0,PID set,NOTE,This is fake data
87,0.000302040427923203,TRUE,-0.00981985330581665,SRXDBWController,0,PID set,NOTE,This is fake data
88,0.00170684099197388,TRUE,0.00151652991771698,SRXDBWController,0,PID set,NOTE,This is fake data
89,0.000873500049114227,TRUE,0.0193163466453552,SRXDBWController,0,PID set,NOTE,This is fake data
90,0.000734720528125763,TRUE,-0.00828486025333405,SRXDBWController,0,PID set,NOTE,This is fake data
91,-0.00129260361194611,TRUE,-0.00589804768562317,SRXDBWController,0,PID set,NOTE,This is fake data
92,-0.000387709081172943,TRUE,-0.0136825323104858,SRXDBWController,0,PID set,NOTE,This is fake data
93,-0.00164872348308563,TRUE,0.00465630739927292,SRXDBWController,0,PID set,NOTE,This is fake data
94,-0.000536749005317688,TRUE,-0.0046435809135437,SRXDBWController,0,PID set,NOTE,This is fake data
95,-0.000564121663570404,TRUE,0.00411203503608704,SRXDBWController,0,PID set,NOTE,This is fake data
96,-0.00171779704093933,TRUE,-0.00395633906126022,SRXDBWController,0,PID set,NOTE,This is fake data
97,-1.81749146431685e-005,TRUE,0.00301290988922119,SRXDBWController,0,PID set,NOTE,This is fake data
98,-0.00110146725177765,TRUE,0.0187042760848999,SRXDBWController,0,PID set,NOTE,This is fake data
99,0.00082336288690567,TRUE,-0.00521207332611084,SRXDBWController,0,PID set,NOTE,This is fake data
100,0.000340743839740753,TRUE,-0.00585206031799316,SRXDBWController,0,PID set,NOTE,This is fake data
101,-0.000492845356464386,TRUE,-0.00617708921432495,SRXDBWController,0,PID set,NOTE,This is fake data
102,-0.0001794693171978,TRUE,-0.00821554899215698,SRXDBWController,0,PID set,NOTE,This is fake data
103,-7.75968219386414e-008,TRUE,-0.0210404419898987,SRXDBWController,0,PID set,NOTE,This is fake data
104,-0.00130533146858215,TRUE,-0.00201767921447754,SRXDBWController,0,PID set,NOTE,This is fake data
105,-0.0011187299489975,TRUE,0.00578019201755524,SRXDBWController,0,PID set,NOTE,This is fake data
106,-5.23033998906612e-005,TRUE,0.0122644019126892,SRXDBWController,0,PID set,NOTE,This is fake data
107,0.000504784405231476,TRUE,-0.000447830110788345,SRXDBWController,0,PID set,NOTE,This is fake data
108,-0.000917480289936066,TRUE,0.00649653077125549,SRXDBWController,0,PID set,NOTE,This is fake data
109,-0.000577078938484192,TRUE,0.0110330522060394,SRXDBWController,0,PID set,NOTE,This is fake data
110,-0.00195060789585114,TRUE,0.00523630321025848,SRXDBWController,0,PID set,NOTE,This is fake data
111,0.00105860567092896,TRUE,0.0134141337871552,SRXDBWController,0,PID set,NOTE,This is fake data
112,0.0022811427116394,TRUE,-0.0250431728363037,SRXDBWController,0,PID set,NOTE,This is fake data
113,0.000401044547557831,TRUE,0.0113330245018005,SRXDBWController,0,PID set,NOTE,This is fake data
114,-0.0002171541005373,TRUE,0.00650244951248169,SRXDBWController,0,PID set,NOTE,This is fake data
115,-0.000594751358032227,TRUE,-0.00180291697382927,SRXDBWController,0,PID set,NOTE,This is fake data
116,0.000969375610351563,TRUE,-0.0023515547811985,SRXDBWController,0,PID set,NOTE,This is fake data
117,-0.000390539169311523,TRUE,0.0239759230613708,SRXDBWController,0,PID set,NOTE,This is fake data
118,-0.00143935561180115,TRUE,0.00524964332580566,SRXDBWController,0,PID set,NOTE,This is fake data
119,0.000181448459625244,TRUE,-0.00992103219032288,SRXDBWController,0,PID set,NOTE,This is fake data
120,-0.000232545852661133,TRUE,-0.00447677582502365,SRXDBWController,0,PID set,NOTE,This is fake data
121,0.000117715500295162,TRUE,-0.00780540645122528,SRXDBWController,0,PID set,NOTE,This is fake data
122,-0.000201366826891899,TRUE,-0.0075544661283493,SRXDBWController,0,PID set,NOTE,This is fake data
123,-9.19832661747932e-005,TRUE,-0.0010826088488102,SRXDBWController,0,PID set,NOTE,This is fake data
124,-0.000310090988874435,TRUE,0.00544894993305206,SRXDBWController,0,PID set,NOTE,This is fake data
125,0.000606087863445282,TRUE,-0.00482453435659409,SRXDBWController,0,PID set,NOTE,This is fake data
126,-0.000838789880275726,TRUE,-0.00822139263153076,SRXDBWController,0,PID set,NOTE,This is fake data
127,0.000914805829524994,TRUE,-0.00610433161258698,SRXDBWController,0,PID set,NOTE,This is fake data
128,0.000578182578086853,TRUE,-0.00561120688915253,SRXDBWController,0,PID set,NOTE,This is fake data
129,-0.000764615058898926,TRUE,-0.00873135566711426,SRXDBWController,0,PID set,NOTE,This is fake data
130,0.00123941731452942,TRUE,0.00420825362205505,SRXDBWController,0,PID set,NOTE,This is fake data
131,-0.000725863754749298,TRUE,0.000666773021221161,SRXDBWController,0,PID set,NOTE,This is fake data
132,-0.000838634788990021,TRUE,-0.0076884126663208,SRXDBWController,0,PID set,NOTE,This is fake data
133,0.00135004663467407,TRUE,0.00327591389417648,SRXDBWController,0,PID set,NOTE,This is fake data
134,-0.000548817098140717,TRUE,0.00934053242206574,SRXDBWController,0,PID set,NOTE,This is fake data
135,-0.000336798340082169,TRUE,-0.0031903201341629,SRXDBWController,0,PID set,NOTE,This is fake data
136,0.00141552746295929,TRUE,0.00563827216625214,SRXDBWController,0,PID set,NOTE,This is fake data
137,0.00158430993556976,TRUE,0.00321175515651703,SRXDBWController,0,PID set,NOTE,This is fake data
138,0.00135675406455994,TRUE,-0.00928114593029022,SRXDBWController,0,PID set,NOTE,This is fake data
139,0.000242438465356827,TRUE,0.0122434628009796,SRXDBWController,0,PID set,NOTE,This is fake data
140,4.10905368626118e-005,TRUE,-0.00521100163459778,SRXDBWController,0,PID set,NOTE,This is fake data
141,0.000594816446304321,TRUE,-0.00777738988399506,SRXDBWController,0,PID set,NOTE,This is fake data
142,-7.82400518655777e-005,TRUE,0.0159477198123932,SRXDBWController,0,PID set,NOTE,This is fake data
143,0.00048244446516037,TRUE,0.00148754805326462,SRXDBWController,0,PID set,NOTE,This is fake data
144,-0.000513717234134674,TRUE,-0.0053836852312088,SRXDBWController,0,PID set,NOTE,This is fake data
145,-0.000515943646430969,TRUE,-0.00546896755695343,SRXDBWController,0,PID set,NOTE,This is fake data
146,-0.00185868775844574,TRUE,0.0112138617038727,SRXDBWController,0,PID set,NOTE,This is fake data
147,-0.00164936017990112,TRUE,-0.0040272444486618,SRXDBWController,0,PID set,NOTE,This is fake data
148,0.000931890964508057,TRUE,-0.00170861095190048,SRXDBWController,0,PID set,NOTE,This is fake data
149,0.000718385338783264,TRUE,-0.0132921588420868,SRXDBWController,0,PID set,NOTE,This is fake data
150,3.70757095515728e-005,TRUE,0.0167284083366394,SRXDBWController,0,PID set,NOTE,This is fake data
151,0.000412976533174515,TRUE,0.0178774213790894,SRXDBWController,0,PID set,NOTE,This is fake data
152,0.00100176215171814,TRUE,-0.0168169784545898,SRXDBWController,0,PID set,NOTE,This is fake data
153,-0.000913104772567749,TRUE,-0.00189061492681503,SRXDBWController,0,PID set,NOTE,This is fake data
154,-0.000890366971492767,TRUE,-0.00567001104354858,SRXDBWController,0,PID set,NOTE,This is fake data
155,3.93648594617844e-005,TRUE,-0.00689455568790436,SRXDBWController,0,PID set,NOTE,This is fake data
156,0.000583385825157166,TRUE,-0.00274941742420197,SRXDBWController,0,PID set,NOTE,This is fake data
157,-0.000919922649860382,TRUE,0.00560322344303131,SRXDBWController,0,PID set,NOTE,This is fake data
158,0.000448623716831207,TRUE,0.0198219788074493,SRXDBWController,0,PID set,NOTE,This is fake data
159,0.00190762722492218,TRUE,0.00597018718719482,SRXDBWController,0,PID set,NOTE,This is fake data
160,-0.000792929410934448,TRUE,-0.00840284407138825,SRXDBWController,0,PID set,NOTE,This is fake data
161,-1.41701558604836e-005,TRUE,-0.00833048939704895,SRXDBWController,0,PID set,NOTE,This is fake data
162,-0.000411952435970306,TRUE,-0.00390534937381744,SRXDBWController,0,PID set,NOTE,This is fake data
163,0.00186500191688538,TRUE,-0.00658236861228943,SRXDBWController,0,PID set,NOTE,This is fake data
164,0.000680670320987701,TRUE,-0.0171364939212799,SRXDBWController,0,PID set,NOTE,This is fake data
165,0.000373490393161774,TRUE,-0.0114530801773071,SRXDBWController,0,PID set,NOTE,This is fake data
166,0.00031323903799057,TRUE,-0.0142583477497101,SRXDBWController,0,PID set,NOTE,This is fake data
167,0.00186269068717957,TRUE,-0.0108089673519135,SRXDBWController,0,PID set,NOTE,This is fake data
168,-0.00064993953704834,TRUE,0.0136406588554382,SRXDBWController,0,PID set,NOTE,This is fake data
169,-0.00137628030776978,TRUE,-0.000646433606743813,SRXDBWController,0,PID set,NOTE,This is fake data
170,-0.000749503076076508,TRUE,-0.000720830410718918,SRXDBWController,0,PID set,NOTE,This is fake data
171,0.00231315422058105,TRUE,0.0029888066649437,SRXDBWController,0,PID set,NOTE,This is fake data
172,5.04188761115074e-005,TRUE,0.00620344221591949,SRXDBWController,0,PID set,NOTE,This is fake data
173,-0.00045626363158226,TRUE,-0.00169907256960869,SRXDBWController,0,PID set,NOTE,This is fake data
174,0.000705719411373138,TRUE,0.0125522947311401,SRXDBWController,0,PID set,NOTE,This is fake data
175,-0.00105756521224976,TRUE,0.00293625086545944,SRXDBWController,0,PID set,NOTE,This is fake data
176,0.00144381880760193,TRUE,0.000954678803682327,SRXDBWController,0,PID set,NOTE,This is fake data
177,-6.55049309134483e-005,TRUE,-0.005528923869133,SRXDBWController,0,PID set,NOTE,This is fake data
178,-0.00121131372451782,TRUE,-0.00507743835449219,SRXDBWController,0,PID set,NOTE,This is fake data
179,0.00155794703960419,TRUE,0.0145131039619446,SRXDBWController,0,PID set,NOTE,This is fake data
180,0.00128118562698364,TRUE,-0.00936374664306641,SRXDBWController,0,PID set,NOTE,This is fake data
181,-8.55561718344688e-005,TRUE,-0.0151330673694611,SRXDBWController,0,PID set,NOTE,This is fake data
182,9.98750552535057e-005,TRUE,0.0101076638698578,SRXDBWController,0,PID set,NOTE,This is fake data
183,0.000366291165351868,TRUE,0.0143217873573303,SRXDBWController,0,PID set,NOTE,This is fake data
184,0.00104079747200012,TRUE,0.00782981157302856,SRXDBWController,0,PID set,NOTE,This is fake data
185,-0.000802501857280731,TRUE,0.0166102623939514,SRXDBWController,0,PID set,NOTE,This is fake data
186,0.0015556937456131,TRUE,0.00148950636386871,SRXDBWController,0,PID set,NOTE,This is fake data
187,0.00186075365543365,TRUE,-0.0147257101535797,SRXDBWController,0,PID set,NOTE,This is fake data
188,-0.000748566806316376,TRUE,0.0103492903709412,SRXDBWController,0,PID set,NOTE,This is fake data
189,0.00122737717628479,TRUE,-0.00282618224620819,SRXDBWController,0,PID set,NOTE,This is fake data
190,-5.02658188343048e-005,TRUE,-0.000267823711037636,SRXDBWController,0,PID set,NOTE,This is fake data
191,0.00057384842634201,TRUE,0.0140717911720276,SRXDBWController,0,PID set,NOTE,This is fake data
192,0.00017425400018692,TRUE,0.00480781108140945,SRXDBWController,0,PID set,NOTE,This is fake data
193,0.000970551609992981,TRUE,0.0191873443126678,SRXDBWController,0,PID set,NOTE,This is fake data
194,-0.00111291408538818,TRUE,-0.000595084503293037,SRXDBWController,0,PID set,NOTE,This is fake data
195,-7.52910822629929e-005,TRUE,0.00994114875793457,SRXDBWController,0,PID set,NOTE,This is fake data
196,-0.000337902337312698,TRUE,-0.0100277328491211,SRXDBWController,0,PID set,NOTE,This is fake data
197,-0.00101328575611115,TRUE,-0.0106091165542603,SRXDBWController,0,PID set,NOTE,This is fake data
198,-0.00180782914161682,TRUE,0.0152017116546631,SRXDBWController,0,PID set,NOTE,This is fake data
199,-0.000925691723823547,TRUE,-0.0140375733375549,SRXDBWController,0,PID set,NOTE,This is fake data
200,0.000165185019373894,TRUE,0.00314464718103409,SRXDBWController,0,PID set,NOTE,This is fake data
201,-0.000700993657112122,TRUE,-0.00644014775753021,SRXDBWController,0,PID set,NOTE,This is fake data
202,-0.000621622204780579,TRUE,0.00456992715597153,SRXDBWController,0,PID set,NOTE,This is fake data
203,-0.000922621250152588,TRUE,0.0142145800590515,SRXDBWController,0,PID set,NOTE,This is fake data
204,0.00135429632663727,TRUE,-0.00939811825752258,SRXDBWController,0,PID set,NOTE,This is fake data
205,0.00210009765625,TRUE,0.00967662513256073,SRXDBWController,0,PID set,NOTE,This is fake data
206,-0.0006417236328125,TRUE,-0.0150811576843262,SRXDBWController,0,PID set,NOTE,This is fake data
207,-0.000464306205511093,TRUE,-0.009352046251297,SRXDBWController,0,PID set,NOTE,This is fake data
208,0.000591449201107025,TRUE,-0.00254127383232117,SRXDBWController,0,PID set,NOTE,This is fake data
209,-0.00103493893146515,TRUE,0.0128845691680908,SRXDBWController,0,PID set,NOTE,This is fake data
210,0.00162613594532013,TRUE,0.00568438053131104,SRXDBWController,0,PID set,NOTE,This is fake data
211,-0.00138539040088654,TRUE,-0.00451388716697693,SRXDBWController,0,PID set,NOTE,This is fake data
212,0.000470124930143356,TRUE,0.00996279358863831,SRXDBWController,0,PID set,NOTE,This is fake data
213,0.00181075191497803,TRUE,0.0126309669017792,SRXDBWController,0,PID set,NOTE,This is fake data
214,0.000866287469863892,TRUE,0.00337115198373795,SRXDBWController,0,PID set,NOTE,This is fake data
215,0.00043378946185112,TRUE,0.00249947398900986,SRXDBWController,0,PID set,NOTE,This is fake data
216,-0.000120537608861923,TRUE,-0.0185658264160156,SRXDBWController,0,PID set,NOTE,This is fake data
217,0.000436224460601807,TRUE,-0.0170454955101013,SRXDBWController,0,PID set,NOTE,This is fake data
218,0.000135215058922768,TRUE,-0.0229433751106262,SRXDBWController,0,PID set,NOTE,This is fake data
219,-0.00227968597412109,TRUE,-0.0148674499988556,SRXDBWController,0,PID set,NOTE,This is fake data
220,0.000749910295009613,TRUE,0.0230924034118652,SRXDBWController,0,PID set,NOTE,This is fake data
221,0.00139431774616241,TRUE,-0.00914963781833649,SRXDBWController,0,PID set,NOTE,This is fake data
222,0.000479016333818436,TRUE,-0.0131182587146759,SRXDBWController,0,PID set,NOTE,This is fake data
223,-0.000486920803785324,TRUE,0.00726807951927185,SRXDBWController,0,PID set,NOTE,This is fake data
224,0.00143455219268799,TRUE,-0.00689471423625946,SRXDBWController,0,PID set,NOTE,This is fake data
225,-0.000750033378601074,TRUE,0.00533953368663788,SRXDBWController,0,PID set,NOTE,This is fake data
226,-8.87095034122467e-005,TRUE,-0.012261723279953,SRXDBWController,0,PID set,NOTE,This is fake data
227,-0.000540433824062347,TRUE,0.00673020422458649,SRXDBWController,0,PID set,NOTE,This is fake data
228,-0.000744570314884186,TRUE,-0.00388095110654831,SRXDBWController,0,PID set,NOTE,This is fake data
229,-9.36166290193796e-006,TRUE,-0.00291729688644409,SRXDBWController,0,PID set,NOTE,This is fake data
230,-0.000408224046230316,TRUE,0.0147137689590454,SRXDBWController,0,PID set,NOTE,This is fake data
231,-0.00100331270694733,TRUE,-0.0268242621421814,SRXDBWController,0,PID set,NOTE,This is fake data
232,-0.000185302391648293,TRUE,-0.00790033936500549,SRXDBWController,0,PID set,NOTE,This is fake data
233,-0.000712401926517487,TRUE,0.000671274214982987,SRXDBWController,0,PID set,NOTE,This is fake data
234,0.000681999087333679,TRUE,0.00915511012077332,SRXDBWController,0,PID set,NOTE,This is fake data
235,-0.000754561245441437,TRUE,-0.00327903777360916,SRXDBWController,0,PID set,NOTE,This is fake data
236,-0.000343378156423569,TRUE,0.0109956753253937,SRXDBWController,0,PID set,NOTE,This is fake data
237,0.000188402831554413,TRUE,0.00584849298000336,SRXDBWController,0,PID set,NOTE,This is fake data
238,-0.000944200098514557,TRUE,-0.00297692775726318,SRXDBWController,0,PID set,NOTE,This is fake data
239,0.000660537421703339,TRUE,-0.0181421637535095,SRXDBWController,0,PID set,NOTE,This is fake data
240,-0.00110832154750824,TRUE,-0.00594843208789825,SRXDBWController,0,PID set,NOTE,This is fake data
241,-0.00166756236553192,TRUE,-0.00802548885345459,SRXDBWController,0,PID set,NOTE,This is fake data
242,-7.0175975561142e-005,TRUE,0.00374304264783859,SRXDBWController,0,PID set,NOTE,This is fake data
243,-0.000473385363817215,TRUE,0.015683856010437,SRXDBWController,0,PID set,NOTE,This is fake data
244,-0.000228086158633232,TRUE,0.00673415899276733,SRXDBWController,0,PID set,NOTE,This is fake data
245,-0.00130461812019348,TRUE,-0.0016614556312561,SRXDBWController,0,PID set,NOTE,This is fake data
246,-0.000819938600063324,TRUE,0.0032813173532486,SRXDBWController,0,PID set,NOTE,This is fake data
247,0.00224974918365479,TRUE,0.00386718094348907,SRXDBWController,0,PID set,NOTE,This is fake data
248,0.000312423467636108,TRUE,-0.0121325588226318,SRXDBWController,0,PID set,NOTE,This is fake data
249,0.000739942908287048,TRUE,0.0183320617675781,SRXDBWController,0,PID set,NOTE,This is fake data
250,0.000762530446052551,TRUE,-0.00165092676877975,SRXDBWController,0,PID set,NOTE,This is fake data
251,-0.000114473804831505,TRUE,0.00728809118270874,SRXDBWController,0,PID set,NOTE,This is fake data
252,-0.000701324045658112,TRUE,-0.0124216830730438,SRXDBWController,0,PID set,NOTE,This is fake data
253,-0.000207494452595711,TRUE,0.000617526955902576,SRXDBWController,0,PID set,NOTE,This is fake data
254,0.000783919930458069,TRUE,0.00312180161476135,SRXDBWController,0,PID set,NOTE,This is fake data
255,-0.00047798964381218,TRUE,0.00435249537229538,SRXDBWController,0,PID set,NOTE,This is fake data
256,0.000310602217912674,TRUE,0.0010583920776844,SRXDBWController,0,PID set,NOTE,This is fake data
257,-1.12906834110618e-005,TRUE,-0.012580281496048,SRXDBWController,0,PID set,NOTE,This is fake data
258,0.000232130572199821,TRUE,-0.00742473781108856,SRXDBWController,0,PID set,NOTE,This is fake data
259,0.000875833213329315,TRUE,0.00255365490913391,SRXDBWController,0,PID set,NOTE,This is fake data
260,0.000729201316833496,TRUE,0.00416533082723618,SRXDBWController,0,PID set,NOTE,This is fake data
261,-0.000179694026708603,TRUE,0.00557267785072327,SRXDBWController,0,PID set,NOTE,This is fake data
262,-0.0003022740483284,TRUE,0.00928888261318207,SRXDBWController,0,PID set,NOTE,This is fake data
263,8.80404636263847e-005,TRUE,0.00214264467358589,SRXDBWController,0,PID set,NOTE,This is fake data
264,-0.000888295948505402,TRUE,0.00777192652225494,SRXDBWController,0,PID set,NOTE,This is fake data
265,-0.00165425550937653,TRUE,-0.00444649785757065,SRXDBWController,0,PID set,NOTE,This is fake data
266,0.000702930569648743,TRUE,0.0104101657867432,SRXDBWController,0,PID set,NOTE,This is fake data
267,-0.000341841846704483,TRUE,0.00614268779754639,SRXDBWController,0,PID set,NOTE,This is fake data
268,-0.000886695384979248,TRUE,-0.00615587174892426,SRXDBWController,0,PID set,NOTE,This is fake data
269,-0.000524250566959381,TRUE,0.0167878913879395,SRXDBWController,0,PID set,NOTE,This is fake data
270,0.000767779052257538,TRUE,0.0127313053607941,SRXDBWController,0,PID set,NOTE,This is fake data
271,-0.00276412963867188,TRUE,0.00735302865505219,SRXDBWController,0,PID set,NOTE,This is fake data
272,0.000197775989770889,TRUE,0.00638517379760742,SRXDBWController,0,PID set,NOTE,This is fake data
273,0.00227608823776245,TRUE,0.00547259151935577,SRXDBWController,0,PID set,NOTE,This is fake data
274,-0.00177777194976807,TRUE,-0.0076626455783844,SRXDBWController,0,PID set,NOTE,This is fake data
275,0.000113657295703888,TRUE,-0.00511685073375702,SRXDBWController,0,PID set,NOTE,This is fake data
276,0.000847856402397156,TRUE,-0.00832986533641815,SRXDBWController,0,PID set,NOTE,This is fake data
277,-0.000178703799843788,TRUE,-0.00611393213272095,SRXDBWController,0,PID set,NOTE,This is fake data
278,2.6105085387826e-005,TRUE,0.00801224648952484,SRXDBWController,0,PID set,NOTE,This is fake data
279,-0.00026870658993721,TRUE,-0.00982913136482239,SRXDBWController,0,PID set,NOTE,This is fake data
280,-0.000882228434085846,TRUE,0.0166307783126831,SRXDBWController,0,PID set,NOTE,This is fake data
281,0.00024327652156353,TRUE,0.00809386730194092,SRXDBWController,0,PID set,NOTE,This is fake data
282,-0.00142215657234192,TRUE,-0.0108324730396271,SRXDBWController,0,PID set,NOTE,This is fake data
283,0.000797332167625427,TRUE,0.0153727877140045,SRXDBWController,0,PID set,NOTE,This is fake data
284,0.00157888269424438,TRUE,-0.000635486617684364,SRXDBWController,0,PID set,NOTE,This is fake data
285,1.09061328694224e-005,TRUE,0.00670963048934937,SRXDBWController,0,PID set,NOTE,This is fake data
286,-0.000804567039012909,TRUE,0.00859978437423706,SRXDBWController,0,PID set,NOTE,This is fake data
287,0.000542395889759064,TRUE,0.00277880936861038,SRXDBWController,0,PID set,NOTE,This is fake data
288,0.00193132984638214,TRUE,-0.00207315117120743,SRXDBWController,0,PID set,NOTE,This is fake data
289,-0.00136264944076538,TRUE,0.000738753080368042,SRXDBWController,0,PID set,NOTE,This is fake data
290,-0.000894264042377472,TRUE,0.013548321723938,SRXDBWController,0,PID set,NOTE,This is fake data
291,-4.3864730745554e-005,TRUE,-0.00309267103672028,SRXDBWController,0,PID set,NOTE,This is fake data
292,-0.000968178987503052,TRUE,-0.0070386278629303,SRXDBWController,0,PID set,NOTE,This is fake data
293,0.000854558706283569,TRUE,-0.00265712559223175,SRXDBWController,0,PID set,NOTE,This is fake data
294,0.00094371086359024,TRUE,0.00525315523147583,SRXDBWController,0,PID set,NOTE,This is fake data
295,-8.57597887516022e-005,TRUE,0.0191463041305542,SRXDBWController,0,PID set,NOTE,This is fake data
296,0.000852340161800385,TRUE,0.0059392124414444,SRXDBWController,0,PID set,NOTE,This is fake data
297,-0.00123869693279266,TRUE,-0.00221992641687393,SRXDBWController,0,PID set,NOTE,This is fake data
298,0.000451154768466949,TRUE,-0.0066614305973053,SRXDBWController,0,PID set,NOTE,This is fake data
299,9.13932770490646e-005,TRUE,0.0122835576534271,SRXDBWController,0,PID set,NOTE,This is fake data
300,-0.001108682513237,TRUE,0.00818792223930359,SRXDBWController,0,PID set,NOTE,This is fake data
301,0.000581932842731476,TRUE,-0.0033890825510025,SRXDBWController,0,PID set,NOTE,This is fake data
302,-0.000964280843734741,TRUE,-0.00561371445655823,SRXDBWController,0,PID set,NOTE,This is fake data
303,0.000493247956037521,TRUE,-0.0146753895282745,SRXDBWController,0,PID set,NOTE,This is fake data
304,-0.00107177650928497,TRUE,-0.00946612358093262,SRXDBWController,0,PID set,NOTE,This is fake data
305,-0.000119144149124622,TRUE,0.016165771484375,SRXDBWController,0,PID set,NOTE,This is fake data
306,0.000760747849941254,TRUE,-0.00924173951148987,SRXDBWController,0,PID set,NOTE,This is fake data
307,0.00110960721969604,TRUE,0.00576208829879761,SRXDBWController,0,PID set,NOTE,This is fake data
308,0.00013410846889019,TRUE,0.00829469978809357,SRXDBWController,0,PID set,NOTE,This is fake data
309,-1.47459600120783e-005,TRUE,-0.00309029102325439,SRXDBWController,0,PID set,NOTE,This is fake data
310,0.00115374171733856,TRUE,-0.00851310729980469,SRXDBWController,0,PID set,NOTE,This is fake data
311,0.00115368020534515,TRUE,-0.00724372267723083,SRXDBWController,0,PID set,NOTE,This is fake data
312,-0.000580857574939728,TRUE,0.000966879725456238,SRXDBWController,0,PID set,NOTE,This is fake data
313,-0.000692414283752441,TRUE,0.00293727844953537,SRXDBWController,0,PID set,NOTE,This is fake data
314,-0.000106052547693253,TRUE,-0.0201047706604004,SRXDBWController,0,PID set,NOTE,This is fake data
315,2.12685372680426e-005,TRUE,-0.00032476257532835,SRXDBWController,0,PID set,NOTE,This is fake data
316,0.000868729591369629,TRUE,0.0180814707279205,SRXDBWController,0,PID set,NOTE,This is fake data
317,0.000324244111776352,TRUE,-0.00747433185577393,SRXDBWController,0,PID set,NOTE,This is fake data
318,-0.00182312500476837,TRUE,-0.0040696319937706,SRXDBWController,0,PID set,NOTE,This is fake data
319,0.00201936674118042,TRUE,0.00143896326422691,SRXDBWController,0,PID set,NOTE,This is fake data
320,-0.000142085760831833,TRUE,-0.000973581969738007,SRXDBWController,0,PID set,NOTE,This is fake data
321,0.00132585048675537,TRUE,-0.00591568410396576,SRXDBWController,0,PID set,NOTE,This is fake data
322,-0.000567078411579132,TRUE,0.00768614232540131,SRXDBWController,0,PID set,NOTE,This is fake data
323,-0.00230544257164001,TRUE,-0.00235757499933243,SRXDBWController,0,PID set,NOTE,This is fake data
324,0.000341265380382538,TRUE,-0.00145468100905418,SRXDBWController,0,PID set,NOTE,This is fake data
325,4.25072610378265e-005,TRUE,0.00585056304931641,SRXDBWController,0,PID set,NOTE,This is fake data
326,-0.000822729468345642,TRUE,-0.0116323387622833,SRXDBWController,0,PID set,NOTE,This is fake data
327,0.000612417936325073,TRUE,-0.010181040763855,SRXDBWController,0,PID set,NOTE,This is fake data
328,9.73485112190247e-005,TRUE,7.68165162298828e-006,SRXDBWController,0,PID set,NOTE,This is fake data
329,0.000575215280056,TRUE,-0.00726521909236908,SRXDBWController,0,PID set,NOTE,This is fake data
330,-0.00157851481437683,TRUE,0.00908107221126556,SRXDBWController,0,PID set,NOTE,This is fake data
331,0.000415026128292084,TRUE,0.00909943580627441,SRXDBWController,0,PID set,NOTE,This is fake data
332,0.000562883913516998,TRUE,0.00423613786697388,SRXDBWController,0,PID set,NOTE,This is fake data
333,-0.000282829970121384,TRUE,-0.00550487577915192,SRXDBWController,0,PID set,NOTE,This is fake data
334,0.000481840640306473,TRUE,0.00916962742805481,SRXDBWController,0,PID set,NOTE,This is fake data
335,-0.000157321959733963,TRUE,0.00310953140258789,SRXDBWController,0,PID set,NOTE,This is fake data
336,-0.00088074141740799,TRUE,-0.0256440544128418,SRXDBWController,0,PID set,NOTE,This is fake data
337,0.0012802757024765,TRUE,0.0189800131320953,SRXDBWController,0,PID set,NOTE,This is fake data
338,-0.000127409979701042,TRUE,-0.0162341046333313,SRXDBWController,0,PID set,NOTE,This is fake data
339,0.00119457006454468,TRUE,0.00712862193584442,SRXDBWController,0,PID set,NOTE,This is fake data
340,0.000443055093288422,TRUE,0.00483888536691666,SRXDBWController,0,PID set,NOTE,This is fake data
341,-0.000281094878911972,TRUE,0.0124935531616211,SRXDBWController,0,PID set,NOTE,This is fake data
342,5.7474821805954e-005,TRUE,-0.000650163143873215,SRXDBWController,0,PID set,NOTE,This is fake data
343,9.88471955060959e-005,TRUE,0.017359561920166,SRXDBWController,0,PID set,NOTE,This is fake data
344,-0.000872195184230804,TRUE,0.00202449023723602,SRXDBWController,0,PID set,NOTE,This is fake data
345,-0.000584595739841461,TRUE,0.00577994704246521,SRXDBWController,0,PID set,NOTE,This is fake data
346,-0.000167621716856956,TRUE,0.00740145087242126,SRXDBWController,0,PID set,NOTE,This is fake data
347,-0.000206655532121658,TRUE,0.00298076540231705,SRXDBWController,0,PID set,NOTE,This is fake data
348,0.0011451336145401,TRUE,-0.00354976117610931,SRXDBWController,0,PID set,NOTE,This is fake data
349,3.70730571448803e-005,TRUE,-0.00404662609100342,SRXDBWController,0,PID set,NOTE,This is fake data
350,-0.000715484261512756,TRUE,-0.0101968479156494,SRXDBWController,0,PID set,NOTE,This is fake data
351,0.00186752462387085,TRUE,0.0130503356456757,SRXDBWController,0,PID set,NOTE,This is fake data
352,-0.00120704436302185,TRUE,-0.000996843874454498,SRXDBWController,0,PID set,NOTE,This is fake data
353,-0.000729965806007385,TRUE,-0.006197909116745,SRXDBWController,0,PID set,NOTE,This is fake data
354,-0.00173263239860535,TRUE,0.00321792632341385,SRXDBWController,0,PID set,NOTE,This is fake data
355,0.000732514679431915,TRUE,0.00937133431434631,SRXDBWController,0,PID set,NOTE,This is fake data
356,0.00130698120594025,TRUE,-0.0007759690284729,SRXDBWController,0,PID set,NOTE,This is fake data
357,-0.000314872324466705,TRUE,-0.0295447039604187,SRXDBWController,0,PID set,NOTE,This is fake data
358,-0.00154696118831635,TRUE,0.02380539894104,SRXDBWController,0,PID set,NOTE,This is fake data
359,-0.000203280761837959,TRUE,-0.013899233341217,SRXDBWController,0,PID set,NOTE,This is fake data
360,0.00060131049156189,TRUE,-0.00625151515007019,SRXDBWController,0,PID set,NOTE,This is fake data
361,-0.0011019127368927,TRUE,0.0145160830020905,SRXDBWController,0,PID set,NOTE,This is fake data
362,-8.61822515726089e-005,TRUE,0.00405797839164734,SRXDBWController,0,PID set,NOTE,This is fake data
363,-0.00134335803985596,TRUE,-0.00135035037994385,SRXDBWController,0,PID set,NOTE,This is fake data
364,0.000238983884453773,TRUE,0.0147954452037811,SRXDBWController,0,PID set,NOTE,This is fake data
365,0.0012468752861023,TRUE,0.00628676533699036,SRXDBWController,0,PID set,NOTE,This is fake data
366,-0.000760744869709015,TRUE,-0.0117809295654297,SRXDBWController,0,PID set,NOTE,This is fake data
367,0.00105786859989166,TRUE,0.0110515761375427,SRXDBWController,0,PID set,NOTE,This is fake data
368,-0.000933728396892548,TRUE,-0.00559609651565552,SRXDBWController,0,PID set,NOTE,This is fake data
369,-0.000586034834384918,TRUE,0.00219643026590347,SRXDBWController,0,PID set,NOTE,This is fake data
370,-0.000769605875015259,TRUE,-0.010169723033905,SRXDBWController,0,PID set,NOTE,This is fake data
371,-0.00140184819698334,TRUE,-0.018454829454422,SRXDBWController,0,PID set,NOTE,This is fake data
372,0.000370237082242966,TRUE,-0.00856023848056793,SRXDBWController,0,PID set,NOTE,This is fake data
373,-0.00188432848453522,TRUE,-0.011821084022522,SRXDBWController,0,PID set,NOTE,This is fake data
374,0.00101183021068573,TRUE,0.000490624271333218,SRXDBWController,0,PID set,NOTE,This is fake data
375,0.00130519437789917,TRUE,-0.00587223410606384,SRXDBWController,0,PID set,NOTE,This is fake data
376,-0.000663846790790558,TRUE,0.00291989028453827,SRXDBWController,0,PID set,NOTE,This is fake data
377,-0.00096182245016098,TRUE,0.000417829975485802,SRXDBWController,0,PID set,NOTE,This is fake data
378,-0.00061256217956543,TRUE,-0.00740435361862183,SRXDBWController,0,PID set,NOTE,This is fake data
379,-0.000825977802276611,TRUE,0.0128412175178528,SRXDBWController,0,PID set,NOTE,This is fake data
380,0.000553613066673279,TRUE,0.00337705433368683,SRXDBWController,0,PID set,NOTE,This is fake data
381,-0.00164900994300842,TRUE,0.00645555675029755,SRXDBWController,0,PID set,NOTE,This is fake data
382,0.000580550372600555,TRUE,-0.000644849389791489,SRXDBWController,0,PID set,NOTE,This is fake data
383,-0.000101710647344589,TRUE,-0.00503300964832306,SRXDBWController,0,PID set,NOTE,This is fake data
384,0.000126238361001015,TRUE,0.0090986156463623,SRXDBWController,0,PID set,NOTE,This is fake data
385,0.00104565703868866,TRUE,-0.0116142046451569,SRXDBWController,0,PID set,NOTE,This is fake data
386,-1.02894578594714e-006,TRUE,-0.0219579195976257,SRXDBWController,0,PID set,NOTE,This is fake data
387,0.000750055968761444,TRUE,0.00178607687354088,SRXDBWController,0,PID set,NOTE,This is fake data
388,4.37608882784843e-005,TRUE,-0.0159436500072479,SRXDBWController,0,PID set,NOTE,This is fake data
389,-0.00101340675354004,TRUE,0.0191224527359009,SRXDBWController,0,PID set,NOTE,This is fake data
390,-0.0017412074804306,TRUE,0.00876213610172272,SRXDBWController,0,PID set,NOTE,This is fake data
391,2.95349564403296e-005,TRUE,-0.00842527866363525,SRXDBWController,0,PID set,NOTE,This is fake data
392,-0.000556103825569153,TRUE,0.000655077919363976,SRXDBWController,0,PID set,NOTE,This is fake data
393,-0.000745379626750946,TRUE,0.00544967412948608,SRXDBWController,0,PID set,NOTE,This is fake data
394,0.00174423015117645,TRUE,0.0126053762435913,SRXDBWController,0,PID set,NOTE,This is fake data
395,-0.000959495961666107,TRUE,-0.00647565126419067,SRXDBWController,0,PID set,NOTE,This is fake data
396,-0.000232300460338593,TRUE,-0.0119272887706757,SRXDBWController,0,PID set,NOTE,This is fake data
397,-5.58053366839886e-005,TRUE,0.0054834395647049,SRXDBWController,0,PID set,NOTE,This is fake data
398,0.000736637771129608,TRUE,0.00339191257953644,SRXDBWController,0,PID set,NOTE,This is fake data
399,0.00151085031032562,TRUE,-0.00340901613235474,SRXDBWController,0,PID set,NOTE,This is fake data
400,-0.000885657787322998,TRUE,0.00964260637760162,SRXDBWController,0,PID set,NOTE,This is fake data
401,0.00177592778205872,TRUE,0.00561666488647461,SRXDBWController,0,PID set,NOTE,This is fake data
402,0.00146145153045654,TRUE,-0.007716104388237,SRXDBWController,0,PID set,NOTE,This is fake data
403,-0.00103949582576752,TRUE,0.0112998569011688,SRXDBWController,0,PID set,NOTE,This is fake data
404,-0.00152012646198273,TRUE,0.00927671670913696,SRXDBWController,0,PID set,NOTE,This is fake data
405,-0.00107209467887878,TRUE,-0.0110526716709137,SRXDBWController,0,PID set,NOTE,This is fake data
406,-0.00116787600517273,TRUE,-0.00689718186855316,SRXDBWController,0,PID set,NOTE,This is fake data
407,-0.000162551701068878,TRUE,-0.011103001832962,SRXDBWController,0,PID set,NOTE,This is fake data
408,-0.000204067513346672,TRUE,0.0138139426708221,SRXDBWController,0,PID set,NOTE,This is fake data
409,0.00226383304595947,TRUE,-0.000509536638855934,SRXDBWController,0,PID set,NOTE,This is fake data
410,0.000215672105550766,TRUE,-0.00547337770462036,SRXDBWController,0,PID set,NOTE,This is fake data
411,-0.000397462338209152,TRUE,-0.00202955290675163,SRXDBWController,0,PID set,NOTE,This is fake data
412,-0.00171298778057098,TRUE,-0.0218469381332397,SRXDBWController,0,PID set,NOTE,This is fake data
413,0.000655836701393127,TRUE,0.00238531664013863,SRXDBWController,0,PID set,NOTE,This is fake data
414,-0.000748637318611145,TRUE,-0.00415544480085373,SRXDBWController,0,PID set,NOTE,This is fake data
415,0.000320116072893143,TRUE,0.00346251547336578,SRXDBWController,0,PID set,NOTE,This is fake data
416,-0.000485602915287018,TRUE,0.00900894343852997,SRXDBWController,0,PID set,NOTE,This is fake data
417,-0.00106991946697235,TRUE,0.00734639763832092,SRXDBWController,0,PID set,NOTE,This is fake data
418,-0.000611020922660828,TRUE,0.0211092591285706,SRXDBWController,0,PID set,NOTE,This is fake data
419,-7.32691064476967e-005,TRUE,-0.00293517917394638,SRXDBWController,0,PID set,NOTE,This is fake data
420,0.00224460864067078,TRUE,0.00334486573934555,SRXDBWController,0,PID set,NOTE,This is fake data
421,-0.00100309634208679,TRUE,-0.0114621388912201,SRXDBWController,0,PID set,NOTE,This is fake data
422,-0.00148853421211243,TRUE,-0.00013228677213192,SRXDBWController,0,PID set,NOTE,This is fake data
423,-0.0015117039680481,TRUE,0.0132171106338501,SRXDBWController,0,PID set,NOTE,This is fake data
424,0.000552804350852966,TRUE,-0.004080750644207,SRXDBWController,0,PID set,NOTE,This is fake data
425,-0.000432703197002411,TRUE,0.00590762495994568,SRXDBWController,0,PID set,NOTE,This is fake data
426,-0.000479104965925217,TRUE,-0.014353061914444,SRXDBWController,0,PID set,NOTE,This is fake data
427,0.00129744303226471,TRUE,0.00363739997148514,SRXDBWController,0,PID set,NOTE,This is fake data
428,0.00120735383033752,TRUE,0.00418481737375259,SRXDBWController,0,PID set,NOTE,This is fake data
429,0.000702500581741333,TRUE,-0.001428492218256,SRXDBWController,0,PID set,NOTE,This is fake data
430,-0.000280727207660675,TRUE,-0.00265036106109619,SRXDBWController,0,PID set,NOTE,This is fake data
431,2.90887448936701e-005,TRUE,-0.0133428537845612,SRXDBWController,0,PID set,NOTE,This is fake data
432,-0.000681926548480988,TRUE,-0.00664112448692322,SRXDBWController,0,PID set,NOTE,This is fake data
433,0.000339958012104034,TRUE,0.0173866379261017,SRXDBWController,0,PID set,NOTE,This is fake data
434,-0.00139232850074768,TRUE,-0.00533790290355682,SRXDBWController,0,PID set,NOTE,This is fake data
435,-0.00166626024246216,TRUE,-0.0130559325218201,SRXDBWController,0,PID set,NOTE,This is fake data
436,-0.000910147905349731,TRUE,0.00402800917625427,SRXDBWController,0,PID set,NOTE,This is fake data
437,0.00091319465637207,TRUE,-0.00681353867053986,SRXDBWController,0,PID set,NOTE,This is fake data
438,-0.00041941037774086,TRUE,-0.00245600089430809,SRXDBWController,0,PID set,NOTE,This is fake data
439,0.000417216330766678,TRUE,-0.00402073055505753,SRXDBWController,0,PID set,NOTE,This is fake data
440,0.00198624408245087,TRUE,-0.00561755895614624,SRXDBWController,0,PID set,NOTE,This is fake data
441,0.000863731384277344,TRUE,0.00221432238817215,SRXDBWController,0,PID set,NOTE,This is fake data
442,0.000677638828754425,TRUE,-0.00902385771274567,SRXDBWController,0,PID set,NOTE,This is fake data
443,-0.00044612529873848,TRUE,0.0055071496963501,SRXDBWController,0,PID set,NOTE,This is fake data
444,-0.00128606986999512,TRUE,-0.0139923226833344,SRXDBWController,0,PID set,NOTE,This is fake data
445,0.000662351131439209,TRUE,-0.00650031387805939,SRXDBWController,0,PID set,NOTE,This is fake data
446,-0.000212658151984215,TRUE,0.00113304756581783,SRXDBWController,0,PID set,NOTE,This is fake data
447,0.000533320546150208,TRUE,0.0194032692909241,SRXDBWController,0,PID set,NOTE,This is fake data
448,0.000303078263998032,TRUE,0.00739238917827606,SRXDBWController,0,PID set,NOTE,This is fake data
449,-0.000579793512821198,TRUE,0.00460773885250092,SRXDBWController,0,PID set,NOTE,This is fake data
450,-0.000112818613648415,TRUE,0.0132288825511932,SRXDBWController,0,PID set,NOTE,This is fake data
451,-0.000825257539749145,TRUE,0.00906347453594208,SRXDBWController,0,PID set,NOTE,This is fake data
452,0.000964881479740143,TRUE,0.00207951918244362,SRXDBWController,0,PID set,NOTE,This is fake data
453,-0.000709043204784393,TRUE,0.000734728649258614,SRXDBWController,0,PID set,NOTE,This is fake data
454,0.00191277348995209,TRUE,-0.0213244843482971,SRXDBWController,0,PID set,NOTE,This is fake data
455,-0.00206242680549622,TRUE,0.00247562140226364,SRXDBWController,0,PID set,NOTE,This is fake data
456,0.000327864646911621,TRUE,-0.00216247141361237,SRXDBWController,0,PID set,NOTE,This is fake data
457,0.00073156064748764,TRUE,-0.000685556083917618,SRXDBWController,0,PID set,NOTE,This is fake data
458,-0.00151249194145203,TRUE,0.0106846749782562,SRXDBWController,0,PID set,NOTE,This is fake data
459,-0.000130028858780861,TRUE,-0.00949925243854523,SRXDBWController,0,PID set,NOTE,This is fake data
460,0.000466611623764038,TRUE,-0.0114691758155823,SRXDBWController,0,PID set,NOTE,This is fake data
461,0.00127706015110016,TRUE,0.000805904790759087,SRXDBWController,0,PID set,NOTE,This is fake data
462,-0.000721071064472199,TRUE,0.00807242810726166,SRXDBWController,0,PID set,NOTE,This is fake data
463,-0.00074210798740387,TRUE,-0.00733998954296112,SRXDBWController,0,PID set,NOTE,This is fake data
464,-0.000892181277275086,TRUE,0.0122434234619141,SRXDBWController,0,PID set,NOTE,This is fake data
465,0.00124383580684662,TRUE,-0.000673158317804337,SRXDBWController,0,PID set,NOTE,This is fake data
466,0.00167212498188019,TRUE,0.0124416971206665,SRXDBWController,0,PID set,NOTE,This is fake data
467,0.000442200034856796,TRUE,0.00175450623035431,SRXDBWController,0,PID set,NOTE,This is fake data
468,0.000346702218055725,TRUE,0.00461447089910507,SRXDBWController,0,PID set,NOTE,This is fake data
469,-2.56985127925873e-005,TRUE,0.0143681824207306,SRXDBWController,0,PID set,NOTE,This is fake data
470,0.00255140852928162,TRUE,-0.00808660745620728,SRXDBWController,0,PID set,NOTE,This is fake data
471,3.69817484170198e-006,TRUE,0.0141724598407745,SRXDBWController,0,PID set,NOTE,This is fake data
472,0.00104547441005707,TRUE,0.00565648198127747,SRXDBWController,0,PID set,NOTE,This is fake data
473,-0.00072479259967804,TRUE,0.0130946338176727,SRXDBWController,0,PID set,NOTE,This is fake data
474,-0.00057734602689743,TRUE,-0.0138815784454346,SRXDBWController,0,PID set,NOTE,This is fake data
475,-0.000801644623279572,TRUE,-0.00314211130142212,SRXDBWController,0,PID set,NOTE,This is fake data
476,0.000939514756202698,TRUE,-0.000513080134987831,SRXDBWController,0,PID set,NOTE,This is fake data
477,-0.000134861692786217,TRUE,0.0162780368328094,SRXDBWController,0,PID set,NOTE,This is fake data
478,0.000897507190704346,TRUE,-0.00486249446868896,SRXDBWController,0,PID set,NOTE,This is fake data
479,-0.00127761089801788,TRUE,-0.00154060006141663,SRXDBWController,0,PID set,NOTE,This is fake data
480,0.000742168962955475,TRUE,-0.00978747963905334,SRXDBWController,0,PID set,NOTE,This is fake data
481,-0.000879972696304321,TRUE,-0.0106420421600342,SRXDBWController,0,PID set,NOTE,This is fake data
482,0.000611740291118622,TRUE,0.00278971076011658,SRXDBWController,0,PID set,NOTE,This is fake data
483,-0.000560571432113647,TRUE,-0.0108695709705353,SRXDBWController,0,PID set,NOTE,This is fake data
484,0.000426900595426559,TRUE,-0.0109716820716858,SRXDBWController,0,PID set,NOTE,This is fake data
485,-0.00122888052463531,TRUE,0.0278369212150574,SRXDBWController,0,PID set,NOTE,This is fake data
486,-0.000720092177391052,TRUE,0.00818944752216339,SRXDBWController,0,PID set,NOTE,This is fake data
487,-0.00134762036800385,TRUE,-0.00388262152671814,SRXDBWController,0,PID set,NOTE,This is fake data
488,-0.000432043313980103,TRUE,0.00444586902856827,SRXDBWController,0,PID set,NOTE,This is fake data
489,0.000936279118061066,TRUE,0.00919395506381989,SRXDBWController,0,PID set,NOTE,This is fake data
490,-9.52705889940262e-005,TRUE,-0.0083552223443985,SRXDBWController,0,PID set,NOTE,This is fake data
491,0.00194204878807068,TRUE,-0.00611255884170532,SRXDBWController,0,PID set,NOTE,This is fake data
492,5.64990863204002e-005,TRUE,0.00136838108301163,SRXDBWController,0,PID set,NOTE,This is fake data
493,-0.000150642022490501,TRUE,0.0074979305267334,SRXDBWController,0,PID set,NOTE,This is fake data
494,0.00120533812046051,TRUE,0.00354401886463165,SRXDBWController,0,PID set,NOTE,This is fake data
495,-0.000761088490486145,TRUE,0.00750462353229523,SRXDBWController,0,PID set,NOTE,This is fake data
496,4.7740388661623e-005,TRUE,0.00806236863136292,SRXDBWController,0,PID set,NOTE,This is fake data
497,-0.00188655591011047,TRUE,-0.000114981224760413,SRXDBWController,0,PID set,NOTE,This is fake data
498,0.000216462880373001,TRUE,-0.000901013910770416,SRXDBWController,0,PID set,NOTE,This is fake data
499,-3.04567534476519e-005,TRUE,-0.00180507078766823,SRXDBWController,0,PID set,NOTE,This is fake data
500,0.000929413259029388,TRUE,-0.00348831683397293,SRXDBWController,2,Not receiving updates from controller,NOTE,This is fake data
501,-0.00163830101490021,TRUE,0.00460584074258804,SRXDBWController,2,Not receiving updates from controller,NOTE,This is fake data
502,-0.00268998456001282,TRUE,-0.00247778624296188,SRXDBWController,2,Not receiving updates from controller,NOTE,This is fake data
503,-0.00250841498374939,TRUE,0.00133683830499649,SRXDBWController,2,Not receiving updates from controller,NOTE,This is fake data
504,0.000226574882864952,TRUE,-0.00407986164093018,SRXDBWController,2,Not receiving updates from controller,NOTE,This is fake data
505,0.000135706558823586,TRUE,-0.0031895849108696,SRXDBWController,2,Not receiving updates from controller,NOTE,This is fake data
506,-0.000437983721494675,TRUE,0.000616672784090042,SRXDBWController,2,Not receiving updates from controller,NOTE,This is fake data
507,-0.000607309699058533,TRUE,0.00737918615341187,SRXDBWController,2,Not receiving updates from controller,NOTE,This is fake data
508,2.76408437639475e-005,TRUE,-0.0101776790618896,SRXDBWController,2,Not receiving updates from controller,NOTE,This is fake data
509,-0.000607172310352325,TRUE,0.00977523267269135,SRXDBWController,2,Not receiving updates from controller,NOTE,This is fake data
510,0.000841060280799866,TRUE,0.00397168457508087,SRXDBWController,2,Not receiving updates from controller,NOTE,This is fake data
511,0.000443910598754883,TRUE,-0.00232578098773956,SRXDBWController,2,Not receiving updates from controller,NOTE,This is fake data
512,0.000354351222515106,TRUE,-0.00631487011909485,SRXDBWController,2,Not receiving updates from controller,NOTE,This is fake data
513,-0.000129119649529457,TRUE,0.00979107260704041,SRXDBWController,2,Not receiving updates from controller,NOTE,This is fake data
514,-0.000451272875070572,TRUE,0.00135011747479439,SRXDBWController,2,Not receiving updates from controller,NOTE,This is fake data
515,0.00109352993965149,TRUE,-0.00654949128627777,SRXDBWController,2,Not receiving updates from controller,NOTE,This is fake data
516,0.00194981825351715,TRUE,0.0157150435447693,SRXDBWController,2,Not receiving updates from controller,NOTE,This is fake data
517,-0.00118157267570496,TRUE,-0.0156308650970459,SRXDBWController,2,Not receiving updates from controller,NOTE,This is fake data
518,-0.00231448125839233,TRUE,-0.00759236037731171,SRXDBWController,2,Not receiving updates from controller,NOTE,This is fake data
519,-0.00111512804031372,TRUE,-0.016451667547226,SRXDBWController,2,Not receiving updates from controller,NOTE,This is fake data
520,0.000552144706249237,TRUE,0.0104512846469879,SRXDBWController,2,Not receiving updates from controller,NOTE,This is fake data
521,0.0011630425453186,TRUE,0.00837642192840576,SRXDBWController,2,Not receiving updates from controller,NOTE,This is fake data
522,-0.000716073155403137,TRUE,0.0121554434299469,SRXDBWController,2,Not receiving updates from controller,NOTE,This is fake data
523,-0.00309636521339416,TRUE,0.0182859349250793,SRXDBWController,2,Not receiving updates from controller,NOTE,This is fake data
524,-0.000591821908950806,TRUE,-0.00880013585090637,SRXDBWController,2,Not receiving updates from controller,NOTE,This is fake data
525,3.67177799344063e-005,TRUE,0.00169039234519005,SRXDBWController,2,Not receiving updates from controller,NOTE,This is fake data
526,0.000626062333583832,TRUE,-0.00699405312538147,SRXDBWController,2,Not receiving updates from controller,NOTE,This is fake data
527,0.000409467548131943,TRUE,-0.00282919317483902,SRXDBWController,2,Not receiving updates from controller,NOTE,This is fake data
528,0.000577489852905273,TRUE,-0.012146247625351,SRXDBWController,2,Not receiving updates from controller,NOTE,This is fake data
529,0.000364126235246658,TRUE,-0.0108553063869476,SRXDBWController,2,Not receiving updates from controller,NOTE,This is fake data
530,0.0012898074388504,TRUE,0.0060591048002243,SRXDBWController,2,Not receiving updates from controller,NOTE,This is fake data
531,7.38898515701294e-005,TRUE,0.00531599819660187,SRXDBWController,2,Not receiving updates from controller,NOTE,This is fake data
532,-0.000328558266162872,TRUE,-0.000227526351809502,SRXDBWController,2,Not receiving updates from controller,NOTE,This is fake data
533,-0.000775105655193329,TRUE,-0.00312566012144089,SRXDBWController,2,Not receiving updates from controller,NOTE,This is fake data
534,-0.000981657862663269,TRUE,0.00544307291507721,SRXDBWController,2,Not receiving updates from controller,NOTE,This is fake data
535,1.74402873963118e-005,TRUE,0.00446880310773849,SRXDBWController,2,Not receiving updates from controller,NOTE,This is fake data
536,0.00204004693031311,TRUE,0.00032552931457758,SRXDBWController,2,Not receiving updates from controller,NOTE,This is fake data
537,-5.86588829755783e-005,TRUE,0.00803304493427277,SRXDBWController,2,Not receiving updates from controller,NOTE,This is fake data
538,-0.00202374958992004,TRUE,0.0077275276184082,SRXDBWController,2,Not receiving updates from controller,NOTE,This is fake data
539,-0.00139979386329651,TRUE,0.0023826390504837,SRXDBWController,2,Not receiving updates from controller,NOTE,This is fake data
540,-0.00067441201210022,TRUE,0.00763437747955322,SRXDBWController,2,Not receiving updates from controller,NOTE,This is fake data
541,-1.66209898889065e-005,TRUE,0.00116442024707794,SRXDBWController,2,Not receiving updates from controller,NOTE,This is fake data
542,0.00041005751490593,TRUE,0.00298736780881882,SRXDBWController,2,Not receiving updates from controller,NOTE,This is fake data
543,-0.000442891716957092,TRUE,0.0116499030590057,SRXDBWController,2,Not receiving updates from controller,NOTE,This is fake data
544,-0.000398067533969879,TRUE,0.000834382176399231,SRXDBWController,2,Not receiving updates from controller,NOTE,This is fake data
545,-0.000698574542999268,TRUE,-0.0317619442939758,SRXDBWController,2,Not receiving updates from controller,NOTE,This is fake data
546,-0.00165210795402527,TRUE,0.01121302485466,SRXDBWController,2,Not receiving updates from controller,NOTE,This is fake data
547,0.000204755678772926,TRUE,0.0215175557136536,SRXDBWController,2,Not receiving updates from controller,NOTE,This is fake data
548,0.0016831591129303,TRUE,-0.0159692537784576,SRXDBWController,2,Not receiving updates from controller,NOTE,This is fake data
549,0.000421906381845474,TRUE,-0.00448400139808655,SRXDBWController,2,Not receiving updates from controller,NOTE,This is fake data
550,-0.00157207810878754,TRUE,0.0057855212688446,SRXDBWController,2,Not receiving updates from controller,NOTE,This is fake data
551,0.000190405964851379,TRUE,-0.0116293942928314,SRXDBWController,2,Not receiving updates from controller,NOTE,This is fake data
552,0.000978873372077942,TRUE,0.00596029102802277,SRXDBWController,2,Not receiving updates from controller,NOTE,This is fake data
553,0.00096751481294632,TRUE,-0.000327263213694096,SRXDBWController,2,Not receiving updates from controller,NOTE,This is fake data
554,-0.00115152013301849,TRUE,-0.0116540837287903,SRXDBWController,2,Not receiving updates from controller,NOTE,This is fake data
555,-3.23616936802864e-005,TRUE,-0.0139575016498566,SRXDBWController,2,Not receiving updates from controller,NOTE,This is fake data
556,-3.84288839995861e-005,TRUE,-0.000135144861415029,SRXDBWController,2,Not receiving updates from controller,NOTE,This is fake data
557,0.00208076000213623,TRUE,-0.00173227801918983,SRXDBWController,2,Not receiving updates from controller,NOTE,This is fake data
558,-0.000915150761604309,TRUE,-0.00438670068979263,SRXDBWController,2,Not receiving updates from controller,NOTE,This is fake data
559,0.000940670728683472,TRUE,0.0063023054599762,SRXDBWController,2,Not receiving updates from controller,NOTE,This is fake data
560,0.00190056002140045,TRUE,-0.0158881342411041,SRXDBWController,2,Not receiving updates from controller,NOTE,This is fake data
561,-0.00141255259513855,TRUE,-0.00551418781280518,SRXDBWController,2,Not receiving updates from controller,NOTE,This is fake data
562,0.000341378390789032,TRUE,-0.0024113330245018,SRXDBWController,2,Not receiving updates from controller,NOTE,This is fake data
563,0.00100125312805176,TRUE,0.000701677948236465,SRXDBWController,2,Not receiving updates from controller,NOTE,This is fake data
564,0.000270725429058075,TRUE,-0.00390650540590286,SRXDBWController,2,Not receiving updates from controller,NOTE,This is fake data
565,0.000750788450241089,TRUE,0.00139162644743919,SRXDBWController,2,Not receiving updates from controller,NOTE,This is fake data
566,0.000677854895591736,TRUE,0.00386548012495041,SRXDBWController,2,Not receiving updates from controller,NOTE,This is fake data
567,0.000460053592920303,TRUE,-0.00651990711688995,SRXDBWController,2,Not receiving updates from controller,NOTE,This is fake data
568,-0.000599492967128754,TRUE,0.00394326090812683,SRXDBWController,2,Not receiving updates from controller,NOTE,This is fake data
569,-0.00101342487335205,TRUE,-0.0154467356204987,SRXDBWController,2,Not receiving updates from controller,NOTE,This is fake data
570,0.000411441028118134,TRUE,-0.000849641487002373,SRXDBWController,2,Not receiving updates from controller,NOTE,This is fake data
571,0.000183337420225143,TRUE,0.0118306839466095,SRXDBWController,2,Not receiving updates from controller,NOTE,This is fake data
572,0.00054994535446167,TRUE,0.0003371886536479,SRXDBWController,2,Not receiving updates from controller,NOTE,This is fake data
573,-0.000677730679512024,TRUE,-0.00489905267953873,SRXDBWController,2,Not receiving updates from controller,NOTE,This is fake data
574,0.000484186828136444,TRUE,-0.00506913065910339,SRXDBWController,2,Not receiving updates from controller,NOTE,This is fake data
575,-0.000166375920176506,TRUE,-0.00468056797981262,SRXDBWController,2,Not receiving updates from controller,NOTE,This is fake data
576,0.00014044551551342,TRUE,-0.00715923249721527,SRXDBWController,2,Not receiving updates from controller,NOTE,This is fake data
577,0.000390343010425568,TRUE,0.0162675058841705,SRXDBWController,2,Not receiving updates from controller,NOTE,This is fake data
578,-0.00133006632328033,TRUE,-0.0036616912484169,SRXDBWController,2,Not receiving updates from controller,NOTE,This is fake data
579,-1.22361993417144e-005,TRUE,0.00471319645643234,SRXDBWController,2,Not receiving updates from controller,NOTE,This is fake data
580,0.00165178084373474,TRUE,-0.00276297599077225,SRXDBWController,2,Not receiving updates from controller,NOTE,This is fake data
581,-0.000224391937255859,TRUE,-0.00183383107185364,SRXDBWController,2,Not receiving updates from controller,NOTE,This is fake data
582,0.000526196897029877,TRUE,-0.026652512550354,SRXDBWController,2,Not receiving updates from controller,NOTE,This is fake data
583,0.000721710860729218,TRUE,-0.00893148899078369,SRXDBWController,2,Not receiving updates from controller,NOTE,This is fake data
584,-8.40387344360352e-005,TRUE,0.00878007888793945,SRXDBWController,2,Not receiving updates from controller,NOTE,This is fake data
585,0.000499391138553619,TRUE,0.00531302452087402,SRXDBWController,2,Not receiving updates from controller,NOTE,This is fake data
586,-3.53509448468685e-005,TRUE,0.00642780780792236,SRXDBWController,2,Not receiving updates from controller,NOTE,This is fake data
587,-0.00125757014751434,TRUE,-0.0156602430343628,SRXDBWController,2,Not receiving updates from controller,NOTE,This is fake data
588,0.000606471240520477,TRUE,-0.00207446917891502,SRXDBWController,2,Not receiving updates from controller,NOTE,This is fake data
589,-0.000503127932548523,TRUE,0.00997428834438324,SRXDBWController,2,Not receiving updates from controller,NOTE,This is fake data
590,-0.00103153669834137,TRUE,-0.00841832280158997,SRXDBWController,2,Not receiving updates from controller,NOTE,This is fake data
591,6.51263073086739e-005,TRUE,0.00365036696195602,SRXDBWController,2,Not receiving updates from controller,NOTE,This is fake data
592,-5.65303163602948e-006,TRUE,0.000838936045765877,SRXDBWController,2,Not receiving updates from controller,NOTE,This is fake data
593,0.000965945601463318,TRUE,-0.0135810458660126,SRXDBWController,2,Not receiving updates from controller,NOTE,This is fake data
594,-0.000893973588943481,TRUE,0.005220907330513,SRXDBWController,2,Not receiving updates from controller,NOTE,This is fake data
595,-0.000152867794036865,TRUE,-0.00519067704677582,SRXDBWController,2,Not receiving updates from controller,NOTE,This is fake data
596,0.000337437838315964,TRUE,-0.0134407782554626,SRXDBWController,2,Not receiving updates from controller,NOTE,This is fake data
597,0.000768684983253479,TRUE,0.0102956092357636,SRXDBWController,2,Not receiving updates from controller,NOTE,This is fake data
598,0.00223200869560242,TRUE,0.00563246786594391,SRXDBWController,2,Not receiving updates from controller,NOTE,This is fake data
599,-0.000332721084356308,TRUE,-0.000898209065198898,SRXDBWController,2,Not receiving updates from controller,NOTE,This is fake data
600,0.000258820414543152,TRUE,0.00765405416488647,SRXDBWController,2,Not receiving updates from controller,NOTE,This is fake data
